CREATE DATABASE  IF NOT EXISTS `jpa` /*!40100 DEFAULT CHARACTER SET utf8mb4 COLLATE utf8mb4_0900_ai_ci */ /*!80016 DEFAULT ENCRYPTION='N' */;
USE `jpa`;
-- MySQL dump 10.13  Distrib 8.0.29, for Win64 (x86_64)
--
-- Host: i7a802.p.ssafy.io    Database: jpa
-- ------------------------------------------------------
-- Server version	8.0.29

/*!40101 SET @OLD_CHARACTER_SET_CLIENT=@@CHARACTER_SET_CLIENT */;
/*!40101 SET @OLD_CHARACTER_SET_RESULTS=@@CHARACTER_SET_RESULTS */;
/*!40101 SET @OLD_COLLATION_CONNECTION=@@COLLATION_CONNECTION */;
/*!50503 SET NAMES utf8 */;
/*!40103 SET @OLD_TIME_ZONE=@@TIME_ZONE */;
/*!40103 SET TIME_ZONE='+00:00' */;
/*!40014 SET @OLD_UNIQUE_CHECKS=@@UNIQUE_CHECKS, UNIQUE_CHECKS=0 */;
/*!40014 SET @OLD_FOREIGN_KEY_CHECKS=@@FOREIGN_KEY_CHECKS, FOREIGN_KEY_CHECKS=0 */;
/*!40101 SET @OLD_SQL_MODE=@@SQL_MODE, SQL_MODE='NO_AUTO_VALUE_ON_ZERO' */;
/*!40111 SET @OLD_SQL_NOTES=@@SQL_NOTES, SQL_NOTES=0 */;

--
-- Table structure for table `board`
--

DROP TABLE IF EXISTS `board`;
/*!40101 SET @saved_cs_client     = @@character_set_client */;
/*!50503 SET character_set_client = utf8mb4 */;
CREATE TABLE `board` (
  `no` int NOT NULL AUTO_INCREMENT,
  `category` varchar(255) DEFAULT NULL,
  `comment_count` int NOT NULL,
  `content` longtext NOT NULL,
  `datetime` datetime DEFAULT NULL,
  `hit` int NOT NULL,
  `title` varchar(255) NOT NULL,
  `writer_no` int DEFAULT NULL,
  PRIMARY KEY (`no`),
  KEY `FKq4jcvsbag45keoc2umk1pbi2` (`writer_no`),
  CONSTRAINT `FKq4jcvsbag45keoc2umk1pbi2` FOREIGN KEY (`writer_no`) REFERENCES `user` (`no`)
) ENGINE=InnoDB AUTO_INCREMENT=29 DEFAULT CHARSET=utf8mb4 COLLATE=utf8mb4_0900_ai_ci;
/*!40101 SET character_set_client = @saved_cs_client */;

--
-- Dumping data for table `board`
--

LOCK TABLES `board` WRITE;
/*!40000 ALTER TABLE `board` DISABLE KEYS */;
INSERT INTO `board` VALUES (7,'QnA',1,'키가 작은편이어서 잘 어울릴지 모르겠네요...','2022-08-18 00:22:58',17,'내일 출근할 때 입을건데 괜찮나요?',13),(9,'Info',0,'프랑스 파리에서 6일(현지시간) 열린 국내 디자이너 4명의 \'K-컬렉션 패션쇼\'가 현지에서 높은 관심을 받았다고 서울시가 8일 전했다.\r\n시에 따르면 이 패션쇼는 세계 4대 패션위크로 꼽히는 파리패션위크 행사로, 세계적인 명품 패션쇼장인 브롱나이궁에서 열렸으며 \'잉크\', \'라이\', \'분더캄머\', \'두칸\' 등 4명의 국내 디자이너 브랜드가 참여했다.\r\n이 자리에는 프렝땅, 봉마르쉐 등 주요 바이어 40개사를 포함해 현지 패션매체 보그, 엘르, 하퍼스바자 등 관계자 약 150명이 참석했으며 파스칼 모란드 파리패션협회장(FHCM)은 한국 디자이너들의 글로벌 성장 가능성을 높게 평가했다고 시는 전했다.\r\n서울시는 서울패션위크 이름으로 지원 중인 국내 디자이너의 해외 진출이 작년 런던패션위크(9월 17∼21일)에 이어 올해 파리패션위크(2월 28일∼3월 8일) 참여로 성과를 냈다고 평가했다.\r\n파리패션위크 기간에 열린 \'트라노이 트레이드쇼\'에서는 서울패션위크 전용관을 운영하기도 했다.','2022-08-18 00:27:38',6,'파리 패션위크 주름잡은 K패션쇼…국내 디자이너 4명 참여',39),(10,'Info',0,'창신동 봉제장인들과 협업 ‘상상패션런웨이’ 개최\r\n[백세경제=최주연 기자] KT&G가 대학생 디자이너와 모델이 꿈을 펼칠 ‘런웨이’를 마련했다. KT&G는 오는 10일 대학생과 지역 봉제장인이 함께 참여한 ‘제5회 2021 상상패션런웨이’ 패션쇼를 개최한다고 8일 밝혔다. 이번 행사는 ‘KT&G 상상유니브’가 주관하고 문화체육관광부와 서울특별시 등이 후원한다.\r\n‘상상패션런웨이’는 KT&G가 지난 2017년부터 대학생 디자이너와 모델들에게 패션쇼에 설 수 있는 기회를 제공하고, 한국 봉제산업의 중심지인 창신동 봉제장인들과 협업을 통해 지역사회 활성화에 기여하기 위해 시작된 프로그램이다. 올해 주제는 ‘MZ세대의 친환경 패션’이다.','2022-08-18 00:30:17',123,'KT&G, 대학생 디자이너‧모델 위한 패션쇼 선보여',40),(11,'Info',0,'지난달 20~25일까지 ‘서울패션위크 21SS’가 디지털 런웨이로 개최됐다. 22일에는 서울디자인재단과 영국패션협회 해외 교류 프로젝트의 일환으로 영국에서 활동하는 패션 디자이너 에드워드 크러칠리(Edward Crutchley)의 패션쇼가 공개됐다.\r\n영국 요크셔 출신의 크러칠리는 런던 센트럴 세인트마틴에서 여성복 디자인을 전공했다. 직물과 프린팅 분야에서 뛰어난 실력을 보인 그는 루이비통 남성복 텍스타일 파트에서 활약했다. 이때 함께 일했던 디자이너 킴 존스와는 멘토와 멘티의 관계를 맺었고, 현재도 텍스타일 기획을 함께하는 파트너로 지내고 있다. 그밖에도 디올멘즈, 프링글 오브 스코틀랜드, 카니예 웨스트 등 유명 디자이너와 브랜드와 협업했다.\r\n2015년 자신의 이름을 딴 브랜드를 론칭한 후 주목할 만한 신인으로 평가받고 있다. 전통적인 영국식 직물에 강렬하고 화려한 무늬를 넣는 것이 그의 특기다. 특히 인도, 베트남, 일본, 한국 등 동양의 전통문화에 관심이 많다.','2022-08-18 01:20:34',89,'\"강렬한 매력\" 한국 갓에 빠져 패션쇼에 올린 영국 디자이너',41),(12,'QnA',2,'내일 입고 나가려는데 너무 식상해 보이지 않았으면 좋겠어서요...','2022-08-18 00:36:12',66,'요즘에 모나미룩 많이 입나요?',41),(13,'QnA',0,'비즈니스 캐주얼로 입고 싶은데 어떻게 입어야 할까요?\r\n사진은 너무 정장인 것 같은데...','2022-08-18 00:43:31',53,'여자 면접 복장 질문드립니다 ㅜㅜ',40),(15,'QnA',0,'스포티하고 캐주얼하게...\r\n괜찮을까요?','2022-08-18 01:16:11',36,'한강 공원 놀러갈 때 입을 패션',41),(16,'Info',0,'\'패스트 패션\'이란 빠르게 변하는 유행에 따라 값싸고 대량 생산되는 의류를 말한다. 유행을 따라가기 위해 새로운 제품들은 끊임없이 출시된다.\r\n\r\n패스트 패션이 환경에 미치는 영향은?\r\n옷을 생산하는 과정에는 많은 천연 자원이 사용되고 기후 변화에 영향을 미치는 상당한 양의 온실 가스 배출도 발생한다.\r\n\r\n유엔(UN)에 따르면 패션 산업은 전 세계 탄소 배출량의 8~10%를 차지한다. 이는 항공과 해운 분야를 합친 것보다 더 많다.\r\n\r\n세계은행은 온라인 쇼핑의 지속적인 성장으로 인해 오는 2030년까지 세계 의류 판매가 최대 65% 증가할 수 있다고 지적했다.','2022-08-18 01:19:56',108,'환경 우려 부르는 패스트 패션... 해결책은?',41),(17,'Info',1,'고대 구로병원 흉부외과 김학제 교수는 \"보정속옷이나 레깅스, 스키니진, 부츠 등은 매우 타이트하기 때문에 온종일 입고 있으면 그 압박 때문에 다리가 숨을 쉬지 못하고 하체에서 올라오는 혈액과 체액의 흐름이 방해받게 돼 혈액순환에 좋지 않다\"고 말했다.\r\n◇ 피부 색소 침착, 피부궤양 유발할 수 있어 = 이처럼 혈액순환이 제대로 되지 않으면 초기에는 다리가 무거워지고 붓거나 저리게 된다.\r\n이후에는 종아리 쪽의 판막이 그 기능을 상실해 발끝에서 심장쪽으로 순환돼야 하는 정맥혈들이 다리 쪽으로 역류하면서 하지정맥에 많은 양의 혈액이 몰리게 된다.\r\n이렇게 되면 혈액순환이 원활하게 이뤄지지 못하면서 나쁜 피가 다리에 고이게 되고 다리에 울퉁불퉁한 혈관들이 마치 힘줄이 튀어나온 것처럼 보일 때가 많다.\r\n이게 바로 `하지정맥류\'의 대표적 증상이다.','2022-08-18 01:26:33',77,'레깅스·스키니진은 다리건강 최악의 아이템',42),(18,'Free',0,'저는 반경 100m 내 동네 편의점까진 가능합니다.\r\n여러분들은 어떤가요?','2022-08-18 01:43:21',60,'잠옷을 입고 밖에 나갈 수 있는 반경',39),(19,'QnA',1,'블랙 / 그레이 / 다크네이비 / 브라운\r\n무난한거는 다크네이비, 블랙?\r\n조금 튀고 싶다 하면 그레이, 브라운이 좋을까요?','2022-08-18 01:44:56',84,'남자 정장 색깔 당신의 선택은?',39),(20,'Free',0,'저번 컨설팅 매우 유익했는데...\r\n다른 컨셉의 컨설팅 언제 또 하실 생각 없으신가요...?','2022-08-18 02:11:32',53,'킹우재 컨설턴트님 다음 컨설팅은 언제 하시나요...',13),(21,'Free',1,'나는 힙하고 좋다고 생각함','2022-08-18 00:21:56',187,'동묘 앞 할머니 할아버지 패션',41),(22,'Free',1,'힙한 스타일의 옷을 좋아하는 사람인데요,\r\n홍대에서 많이 입는 스타일로 컨설팅 받고 싶습니다.\r\n어디 능력자분 안계실까요? 참여하고 싶습니다.','2022-08-18 02:35:49',92,'스트릿 패션 관련 컨설팅 해주실분 없나요??',40),(23,'Free',1,'요즘 패션을 보면, 예전에 비해 너무 획일화된 느낌이 있다고 생각합니다.\r\n개성있게 입는다면 패션 테러리스트가 되기 쉽상이죠.\r\n트렌드를 너무 쫓기보다는 자신에게 어울리는, 자신이 입고 싶은 옷을 입었으면 좋겠습니다.','2022-08-18 03:05:40',45,'요즘 패션 트렌드에 대하여',42),(24,'Free',3,'제 패션 철학은 옷에 고양이 털 안 묻히기 입니다....','2022-08-18 08:29:08',15,'고양이 키우시는 분 있나요?',13),(26,'Free',0,'팀 빌딩은 못했지만...ㅠㅠ\r\n다들 특화 때 좋은 분들 만나세요','2022-08-18 13:28:28',7,'특화 프로젝트 기대되네요',21),(27,'Free',1,'자동배포 탐난다','2022-08-18 13:34:45',5,'다음 프로젝트는 Jenkins 써봐야지',44),(28,'Free',0,'몰라요 ㅎ','2022-08-19 01:22:33',1,'찍먹인가요? 부먹인가요?',10);
/*!40000 ALTER TABLE `board` ENABLE KEYS */;
UNLOCK TABLES;

--
-- Table structure for table `board_file`
--

DROP TABLE IF EXISTS `board_file`;
/*!40101 SET @saved_cs_client     = @@character_set_client */;
/*!50503 SET character_set_client = utf8mb4 */;
CREATE TABLE `board_file` (
  `no` int NOT NULL AUTO_INCREMENT,
  `board_no` int DEFAULT NULL,
  `file_no` int DEFAULT NULL,
  PRIMARY KEY (`no`),
  KEY `FK3ajam2h96vx7ghan11mvh5we` (`board_no`),
  KEY `FK8en0ub3ll4dfsk524jqb2j7c9` (`file_no`),
  CONSTRAINT `FK3ajam2h96vx7ghan11mvh5we` FOREIGN KEY (`board_no`) REFERENCES `board` (`no`),
  CONSTRAINT `FK8en0ub3ll4dfsk524jqb2j7c9` FOREIGN KEY (`file_no`) REFERENCES `upload_file` (`no`)
) ENGINE=InnoDB AUTO_INCREMENT=31 DEFAULT CHARSET=utf8mb4 COLLATE=utf8mb4_0900_ai_ci;
/*!40101 SET character_set_client = @saved_cs_client */;

--
-- Dumping data for table `board_file`
--

LOCK TABLES `board_file` WRITE;
/*!40000 ALTER TABLE `board_file` DISABLE KEYS */;
INSERT INTO `board_file` VALUES (16,7,41),(19,12,44),(22,13,48),(26,15,54),(28,21,59),(29,24,71);
/*!40000 ALTER TABLE `board_file` ENABLE KEYS */;
UNLOCK TABLES;

--
-- Table structure for table `comment`
--

DROP TABLE IF EXISTS `comment`;
/*!40101 SET @saved_cs_client     = @@character_set_client */;
/*!50503 SET character_set_client = utf8mb4 */;
CREATE TABLE `comment` (
  `no` int NOT NULL AUTO_INCREMENT,
  `content` varchar(255) NOT NULL,
  `datetime` datetime DEFAULT NULL,
  `board_no` int DEFAULT NULL,
  `writer_no` int DEFAULT NULL,
  PRIMARY KEY (`no`),
  KEY `FKshov4m2go1nq7usxrxx0ob84b` (`board_no`),
  KEY `FKlw853sv7gif3hpcqvrc4vvwd0` (`writer_no`),
  CONSTRAINT `FKlw853sv7gif3hpcqvrc4vvwd0` FOREIGN KEY (`writer_no`) REFERENCES `user` (`no`),
  CONSTRAINT `FKshov4m2go1nq7usxrxx0ob84b` FOREIGN KEY (`board_no`) REFERENCES `board` (`no`)
) ENGINE=InnoDB AUTO_INCREMENT=29 DEFAULT CHARSET=utf8mb4 COLLATE=utf8mb4_0900_ai_ci;
/*!40101 SET character_set_client = @saved_cs_client */;

--
-- Dumping data for table `comment`
--

LOCK TABLES `comment` WRITE;
/*!40000 ALTER TABLE `comment` DISABLE KEYS */;
INSERT INTO `comment` VALUES (15,'기만하시네요','2022-08-18 00:27:27',7,23),(16,'심도깊은 의견이네요','2022-08-18 03:16:06',23,23),(17,'검은색 모자까지 쓰면 완벽하겠네요\n','2022-08-18 03:43:54',12,21),(19,'헉 그렇군요','2022-08-18 06:19:31',17,23),(21,'홍대에 있습니다','2022-08-18 06:20:41',22,23),(22,'와 고양이 너무 귀여워요ㅜㅠ','2022-08-18 08:48:41',24,29),(23,'너무귀엽다','2022-08-18 13:58:44',24,21),(24,'너무귀여웡','2022-08-18 14:05:35',24,44),(25,'준킨스 못잃어','2022-08-18 16:54:26',27,23),(26,'진짜로??','2022-08-19 01:21:30',21,10),(27,'기본은 네이비이죠.','2022-08-19 01:23:06',19,10),(28,'ㅎㅎ 좋아요','2022-08-19 01:24:34',12,10);
/*!40000 ALTER TABLE `comment` ENABLE KEYS */;
UNLOCK TABLES;

--
-- Table structure for table `consulting`
--

DROP TABLE IF EXISTS `consulting`;
/*!40101 SET @saved_cs_client     = @@character_set_client */;
/*!50503 SET character_set_client = utf8mb4 */;
CREATE TABLE `consulting` (
  `no` int NOT NULL AUTO_INCREMENT,
  `end_time` datetime DEFAULT NULL,
  `intro` varchar(300) DEFAULT NULL,
  `room_size` int NOT NULL,
  `start_time` datetime DEFAULT NULL,
  `title` varchar(50) NOT NULL,
  `view_count` int NOT NULL,
  `consultant_no` int DEFAULT NULL,
  PRIMARY KEY (`no`),
  KEY `FKktmq0t7jaan1d7y7yw4r8o78m` (`consultant_no`),
  CONSTRAINT `FKktmq0t7jaan1d7y7yw4r8o78m` FOREIGN KEY (`consultant_no`) REFERENCES `user` (`no`)
) ENGINE=InnoDB AUTO_INCREMENT=261 DEFAULT CHARSET=utf8mb4 COLLATE=utf8mb4_0900_ai_ci;
/*!40101 SET character_set_client = @saved_cs_client */;

--
-- Dumping data for table `consulting`
--

LOCK TABLES `consulting` WRITE;
/*!40000 ALTER TABLE `consulting` DISABLE KEYS */;
INSERT INTO `consulting` VALUES (83,'2022-08-14 03:44:55','방송 가즈아',5,'2022-08-14 03:44:03','방송테스트',0,3),(84,'2022-08-14 04:13:56','정보 소개.',5,'2022-08-14 04:13:23','제목',0,3),(85,'2022-08-14 08:22:20','정보 소개.',5,'2022-08-14 08:22:17','제목',0,3),(86,'2022-08-14 08:24:20','정보 소개.',5,'2022-08-14 08:24:05','제목',0,3),(87,'2022-08-14 08:24:35','정보 소개.',5,'2022-08-14 08:24:31','제목',0,3),(88,'2022-08-14 08:25:26','정보 소개.',5,'2022-08-14 08:25:04','제목',0,3),(89,'2022-08-14 08:29:22','정보 소개.',5,'2022-08-14 08:29:16','제목',0,3),(90,'2022-08-15 00:12:30','정보 소개.',5,'2022-08-15 00:12:26','제목',0,3),(91,'2022-08-15 00:12:43','정보 소개.',5,'2022-08-15 00:12:36','제목',0,3),(92,'2022-08-15 00:15:37','정보 소개.',5,'2022-08-15 00:12:49','제목',0,3),(93,'2022-08-15 02:38:40','정보 소개.',5,'2022-08-15 02:38:36','제목',0,3),(94,'2022-08-15 07:10:18','정보 소개.',5,'2022-08-15 07:10:16','제목',0,3),(95,'2022-08-15 10:48:10','정보 소개.',5,'2022-08-15 10:48:05','ㅎㅇㅎㅇㅎㅇㅎㅇ',0,6),(96,'2022-08-16 05:25:39','정보 소개.',5,'2022-08-16 05:24:42','제목',0,7),(97,'2022-08-16 12:15:42','방송테스트',5,'2022-08-16 12:13:18','안녕',0,3),(98,'2022-08-16 12:34:53','테스트방송소개1',5,'2022-08-16 12:34:31','테스트방송1',0,9),(99,'2022-08-16 13:05:55','방송정보입니다',5,'2022-08-16 13:03:04','테스트중이에요',0,3),(100,'2022-08-16 13:21:38','정보 소개.3',5,'2022-08-16 13:21:10','제목2',0,3),(101,'2022-08-16 13:51:23','정보 소개.asd',5,'2022-08-16 13:51:11','제목zzz',0,3),(102,'2022-08-16 19:16:05','정보 소개.',5,'2022-08-16 19:16:00','제목',0,11),(103,'2022-08-16 19:16:21','정보 소개.',5,'2022-08-16 19:16:15','제목',0,11),(104,'2022-08-17 03:17:48','ㅎㅎㅇ',2,'2022-08-17 03:14:20','ㅎㅇㅎㅇ',1,3),(105,'2022-08-17 03:18:05','정보 소개.',5,'2022-08-17 03:17:55','제목',0,3),(106,'2022-08-17 05:03:34','정보 소개.',5,'2022-08-17 05:03:28','제목',0,14),(107,'2022-08-17 05:04:17','정보 소개.',5,'2022-08-17 05:04:14','제목',0,14),(108,'2022-08-17 05:04:33','정보 소개.',5,'2022-08-17 05:04:25','제목',0,14),(109,'2022-08-17 05:04:33','정보 소개.',5,'2022-08-17 05:05:32','제목',1,14),(110,'2022-08-17 05:05:57','정보 소개.',5,'2022-08-17 05:05:34','제목',0,14),(111,'2022-08-17 05:08:53','정보 소개.',5,'2022-08-17 05:08:29','제목',0,3),(112,'2022-08-17 05:23:34','정보 소개.',5,'2022-08-17 05:23:31','제목',0,3),(113,'2022-08-17 05:25:54','정보 소개.',5,'2022-08-17 05:25:29','제목',0,3),(114,'2022-08-17 05:34:04','정보 소개.',5,'2022-08-17 05:32:31','제목',0,11),(115,'2022-08-17 06:08:45','정보 소개.',5,'2022-08-17 06:07:05','제목',0,21),(116,'2022-08-17 07:43:53','정보 소개.',5,'2022-08-17 07:42:02','제목',0,22),(117,'2022-08-17 07:48:29','정보 소개.',5,'2022-08-17 07:44:04','제목',0,22),(118,'2022-08-17 08:36:30','특화 팀원 구합니다.',5,'2022-08-17 08:36:24','파피',0,11),(119,'2022-08-17 08:38:43','정보 소개.',5,'2022-08-17 08:38:36','시티보이',0,23),(120,'2022-08-17 08:40:59','오픈비두야 아프지마',5,'2022-08-17 08:40:54','테스트',0,21),(121,'2022-08-17 08:56:22','정보 소개.',5,'2022-08-17 08:56:16','제목',0,3),(122,'2022-08-17 09:06:59','오지 마세요',2,'2022-08-17 09:04:58','방송테스트',1,21),(123,'2022-08-17 09:09:27','테스트하는거라',2,'2022-08-17 09:07:18','테스트방송2',0,3),(124,'2022-08-17 09:15:49','정보 소개.',5,'2022-08-17 09:15:41','제목',0,22),(125,'2022-08-17 09:16:41','정보 소개.',5,'2022-08-17 09:16:06','제목',0,3),(126,'2022-08-17 12:12:48','어서 들어오세요~',6,'2022-08-17 12:12:43','테스트 방송입니다',0,13),(127,'2022-08-17 12:18:45','정보 소개.ㅂㅈㄷㄱ',5,'2022-08-17 12:14:09','짜짜짜',0,5),(128,'2022-08-17 12:21:53','내 꿈은 드루이드',9,'2022-08-17 12:19:04','다 드루와이씨',0,5),(129,'2022-08-17 12:27:30','어서 들어오세요',6,'2022-08-17 12:27:16','테스트 방송',1,13),(130,'2022-08-17 12:42:24','어서 들어오세요',5,'2022-08-17 12:42:19','테스트 방송',1,13),(131,'2022-08-17 12:42:57','정보 소개.',5,'2022-08-17 12:42:32','제목',0,24),(132,'2022-08-17 13:01:15','어서 오세요~~',6,'2022-08-17 12:59:23','테스트 방송입니다!',0,13),(133,'2022-08-17 14:26:53','정보 소개.asdf',5,'2022-08-17 14:26:39','제목asdf',0,5),(134,'2022-08-17 14:28:30','정보 소개.',5,'2022-08-17 14:26:58','제목',1,5),(135,'2022-08-17 14:29:37','정보 소개.',5,'2022-08-17 14:29:25','제목',0,5),(136,'2022-08-17 14:52:48','정보 소개.',5,'2022-08-17 14:52:47','제목',0,5),(137,'2022-08-17 14:54:56','정보 소개.',5,'2022-08-17 14:54:55','제목',0,5),(138,'2022-08-17 14:56:25','정보 소개.',5,'2022-08-17 14:55:01','제목',0,5),(139,'2022-08-17 14:56:37','정보 소개.',5,'2022-08-17 14:56:28','제목',0,5),(140,'2022-08-17 14:57:47','정보 소개.',5,'2022-08-17 14:56:55','제목',0,5),(141,'2022-08-17 14:57:51','정보 소개.',5,'2022-08-17 14:57:50','제목',0,5),(142,'2022-08-17 14:57:56','정보 소개.',5,'2022-08-17 14:57:54','제목',0,5),(143,'2022-08-17 14:58:07','정보 소개.',5,'2022-08-17 14:57:59','제목',0,5),(144,NULL,'여러분들의 옷장을 털어드리겠습니다.',30,'2022-08-17 19:26:10','분위기 있게 입는 법',1,36),(145,NULL,'매일 아침 뭐 입을지 고민 이젠 안녕~',30,'2022-08-17 20:55:10','매일매일 편하게 입는 코디!',1,35),(146,NULL,'얼굴과 패션은 하나! 조화롭게 꾸미는 법',25,'2022-08-17 21:05:43','메이크업과 어울리는 옷 고르기',1,30),(147,NULL,'설레는 패션 보여드리겠습니다.',30,'2022-08-17 21:00:43','데이트 남친룩',1,34),(148,NULL,'편하고 예쁜 스타일의 패션을 알려드립니다!',20,'2022-08-17 21:20:43','캐주얼하고 예쁜 데일리룩',1,33),(149,'2022-08-17 15:38:32','정보 소개.',5,'2022-08-17 15:38:29','제목',0,37),(150,'2022-08-17 15:41:18','정보 소개.',5,'2022-08-17 15:41:13','제목',0,37),(151,'2022-08-17 15:44:36','블핑 컴백 하루남았다요',10,'2022-08-17 15:44:15','행복한 로제 방송',0,37),(152,'2022-08-17 15:53:00','정보 소개.',5,'2022-08-17 15:52:56','제목',0,21),(153,NULL,'남자는 의리. 의리있는 패션 전수.',50,'2022-08-17 21:20:43','남자답게 입는 법',1,38),(154,'2022-08-17 16:00:38','정보 소개.',5,'2022-08-17 16:00:31','제목',0,21),(155,'2022-08-17 16:02:36','ㅠㅠ',5,'2022-08-17 16:02:05','자고싶다',0,21),(156,'2022-08-17 16:05:27','그럼 들어와',5,'2022-08-17 16:04:09','출근룩 고민하세요?',0,29),(157,'2022-08-17 16:07:34','정보 소개.',5,'2022-08-17 16:04:55','테스트',0,3),(158,'2022-08-17 16:07:13','정보 소개.',5,'2022-08-17 16:05:43','제목',0,37),(159,'2022-08-17 16:11:08','에라이',5,'2022-08-17 16:08:36','또안돼?',0,3),(160,'2022-08-17 16:10:08','아무나 들어와보세요~',6,'2022-08-17 16:09:27','테스트 방송2',0,32),(161,'2022-08-17 16:10:55','정보 소개.',5,'2022-08-17 16:10:15','제목',0,21),(162,'2022-08-17 16:12:35','정보 소개.',5,'2022-08-17 16:12:27','제목',0,3),(163,'2022-08-17 16:12:34','정보 소개.',5,'2022-08-17 16:12:30','제목',0,23),(164,'2022-08-17 16:12:45','정보 소개.',5,'2022-08-17 16:12:39','제목',0,3),(165,'2022-08-17 16:12:56','정보 소개.',5,'2022-08-17 16:12:49','제목',0,3),(166,'2022-08-17 16:13:03','정보 소개.',5,'2022-08-17 16:12:57','제목',1,23),(167,'2022-08-17 16:13:38','정보 소개.',5,'2022-08-17 16:13:10','제목',0,23),(168,'2022-08-17 16:16:23','정보 소개.',5,'2022-08-17 16:13:49','제목',0,37),(169,'2022-08-17 16:14:52','정보 소개.',5,'2022-08-17 16:14:48','제목',0,3),(170,NULL,'누구에게나 잘 어울리는 단정한 룩 컨설팅',30,'2022-08-17 22:20:43','깔끔한 남자 데일리룩 추천',1,31),(171,'2022-08-17 16:22:32','정보 소개.',5,'2022-08-17 16:17:33','제목',0,37),(172,'2022-08-17 16:19:57','정보 소개.',5,'2022-08-17 16:19:49','제목',0,3),(173,'2022-08-17 18:17:18','정보 소개.',5,'2022-08-17 16:20:12','제목',0,21),(174,'2022-08-17 16:20:41','정보 소개.',5,'2022-08-17 16:20:22','제목',0,21),(175,'2022-08-17 16:25:01','정보 소개.',5,'2022-08-17 16:25:00','제목',0,37),(177,'2022-08-17 16:30:21','정보 소개.',5,'2022-08-17 16:29:43','제목',0,21),(178,'2022-08-17 16:31:49','정보 소개.',5,'2022-08-17 16:30:05','제목',0,37),(179,'2022-08-17 16:30:41','정보 소개.',5,'2022-08-17 16:30:35','제목',0,21),(180,'2022-08-17 16:34:50','정보 소개.',5,'2022-08-17 16:31:52','제목',0,37),(181,'2022-08-17 16:37:41','정보 소개.',5,'2022-08-17 16:34:53','제목',0,37),(182,'2022-08-17 16:39:27','정보 소개.',5,'2022-08-17 16:39:06','제목',0,37),(183,'2022-08-17 16:39:28','정보 소개.',5,'2022-08-17 16:39:19','제목',0,21),(184,'2022-08-17 16:40:00','정보 소개.',5,'2022-08-17 16:39:54','제목',0,23),(185,'2022-08-17 16:42:44','정보 소개.',5,'2022-08-17 16:42:42','제목',0,23),(186,'2022-08-17 16:50:20','22',6,'2022-08-17 16:42:58','11',0,37),(187,'2022-08-17 16:43:37','정보 소개.',5,'2022-08-17 16:43:28','제목',0,23),(188,'2022-08-17 17:00:08','정보 소개.',5,'2022-08-17 16:44:04','제목',0,21),(189,'2022-08-17 17:04:38','정보 소개.',5,'2022-08-17 17:04:21','제목',0,37),(190,'2022-08-17 17:04:58','정보 소개.',5,'2022-08-17 17:04:41','제목',0,37),(191,'2022-08-17 17:15:44','정보 소개.',5,'2022-08-17 17:05:01','제목',0,37),(192,'2022-08-17 17:15:36','정보 소개.',5,'2022-08-17 17:15:31','제목',0,21),(193,'2022-08-17 17:26:24','정보 소개.',5,'2022-08-17 17:26:19','제목',0,23),(194,'2022-08-17 17:26:50','정보 소개.',5,'2022-08-17 17:26:39','제목',0,21),(195,'2022-08-17 17:50:30','정보 소개.',5,'2022-08-17 17:50:26','제목',0,21),(196,'2022-08-17 18:16:42','정보 소개.',5,'2022-08-17 18:16:40','제목',0,21),(197,'2022-08-17 18:17:07','정보 소개.',5,'2022-08-17 18:17:03','제목',0,21),(198,'2022-08-18 00:12:11','스냅샷 테스트 용',5,'2022-08-18 00:12:09','테스트 방송',0,13),(199,'2022-08-18 00:15:31','스냅샷 잘 되는지 테스트',5,'2022-08-18 00:12:43','테스트 방송123',0,13),(200,'2022-08-18 00:15:17','정보 소개.',5,'2022-08-18 00:14:42','제목',0,21),(201,'2022-08-18 00:17:28','정보 소개.',5,'2022-08-18 00:15:41','제목',0,13),(202,'2022-08-18 00:19:16','정보 소개.',5,'2022-08-18 00:18:52','제목',0,21),(203,'2022-08-18 00:23:15','정보 소개.',5,'2022-08-18 00:23:02','제목',0,23),(204,'2022-08-18 00:24:01','정보 소개.',5,'2022-08-18 00:23:25','제목',0,23),(205,'2022-08-18 01:00:02','테스트',5,'2022-08-18 00:59:27','스냅샷테스트',0,21),(206,'2022-08-18 01:14:59','정보 소개.',5,'2022-08-18 01:14:00','제목',0,23),(207,'2022-08-18 01:30:15','정보 소개.',5,'2022-08-18 01:29:54','제목',0,42),(208,'2022-08-18 01:41:17','정보 소개.',5,'2022-08-18 01:41:05','제목',0,42),(209,'2022-08-18 02:38:59','싸피인만 들어올 수 있어요',5,'2022-08-18 02:33:34','싸피룩 컨설팅합니다',0,23),(210,'2022-08-18 02:36:31','정보 소개.',5,'2022-08-18 02:36:00','제목',0,41),(211,'2022-08-18 02:41:08','컴온',5,'2022-08-18 02:39:23','방속 기록 테스트용',0,41),(212,'2022-08-18 02:42:40','정보 소개.',5,'2022-08-18 02:42:38','제목',0,22),(213,'2022-08-18 02:52:31','정보 소개.',5,'2022-08-18 02:43:29','수만이방',0,23),(214,'2022-08-18 02:54:29','정보 소개.',5,'2022-08-18 02:54:06','제목',0,21),(215,'2022-08-18 02:56:49','제발 돼라',5,'2022-08-18 02:54:48','텐서플로 테스트',0,42),(216,'2022-08-18 02:57:44','정보 소개.',5,'2022-08-18 02:57:03','제목',0,42),(217,'2022-08-18 02:59:10','정보 소개.',5,'2022-08-18 02:57:50','제목',0,42),(218,'2022-08-18 02:59:48','수만컴온',5,'2022-08-18 02:59:04','참여기록 테스트',0,21),(219,'2022-08-18 03:01:03','들어오소',5,'2022-08-18 03:00:04','진행 기록아 찍혀라',0,42),(220,'2022-08-18 03:20:27','수만아',5,'2022-08-18 03:19:35','참여기록 테스트',0,21),(221,'2022-08-18 03:23:12','정보 소개.',5,'2022-08-18 03:21:10','제목',0,42),(222,'2022-08-18 03:24:53','제발 잘 되길',5,'2022-08-18 03:24:34','방송 기록 찍히는지 테스트',0,42),(223,'2022-08-18 05:34:31','정보 소개.',5,'2022-08-18 05:32:48','제목',0,23),(224,'2022-08-18 06:17:28','정보 소개.',5,'2022-08-18 06:17:07','제목',0,23),(225,'2022-08-18 06:19:07','정보 소개.',5,'2022-08-18 06:18:31','제목',0,23),(226,'2022-08-18 06:24:37','엣지테스트',5,'2022-08-18 06:24:34','엣지있게',0,23),(227,'2022-08-18 06:24:51','정보 소개.',5,'2022-08-18 06:24:44','제목',0,23),(228,'2022-08-18 06:25:03','정보 소개.',5,'2022-08-18 06:24:53','제목',0,21),(229,'2022-08-18 06:25:06','엣지테스트',5,'2022-08-18 06:25:03','엣지있게',0,23),(230,'2022-08-18 07:46:42','정보 소개.',5,'2022-08-18 07:46:38','제목',0,21),(231,'2022-08-18 11:49:36','안녕하세용',5,'2022-08-18 11:48:33','집에서 테스트',0,21),(232,'2022-08-18 11:58:06','정보 소개.',5,'2022-08-18 11:55:02','제목',0,21),(233,'2022-08-18 11:55:30','정보 소개.',5,'2022-08-18 11:55:16','제목',0,21),(234,'2022-08-18 13:19:34','정보 소개.',5,'2022-08-18 13:19:07','제목',0,21),(235,'2022-08-18 14:01:46','8반 2팀 들어오세요~~',6,'2022-08-18 13:40:01','싸피 7기 들어와',0,13),(236,'2022-08-18 14:04:26','마지막까지 화이팅~!',10,'2022-08-18 13:44:43','A802 어셈블',0,44),(237,'2022-08-18 14:02:12','정보 소개.',5,'2022-08-18 14:02:05','테스트',0,21),(238,'2022-08-18 14:18:53','부담없이 들어오세요~',5,'2022-08-18 14:14:25','1대1 컨설팅 해드려요',0,44),(239,'2022-08-18 14:19:44','싸피인이라면 더욱 환영',5,'2022-08-18 14:19:24','안녕하세요~ 아무나 들어오셔도 됩니다',0,3),(240,'2022-08-18 14:36:49','정보 소개.',5,'2022-08-18 14:34:44','외로운 밤',0,23),(241,'2022-08-18 15:03:32','정보 소개.',2,'2022-08-18 14:54:31','혼자 있고 싶어요',0,23),(242,'2022-08-18 15:29:39','정보 소개.',5,'2022-08-18 15:29:00','제목',0,21),(243,'2022-08-18 15:35:08','정보 소개.',5,'2022-08-18 15:29:43','제목',0,21),(244,'2022-08-18 15:36:32','정보 소개.',5,'2022-08-18 15:36:13','제목',0,21),(245,'2022-08-18 15:45:21','정보 소개.',5,'2022-08-18 15:42:44','제목',0,21),(246,'2022-08-18 15:45:31','정보 소개.',5,'2022-08-18 15:45:26','제목',0,21),(247,'2022-08-18 15:47:37','정보 소개.',5,'2022-08-18 15:45:46','제목',0,21),(248,'2022-08-18 16:24:58','정보 소개.',5,'2022-08-18 16:24:56','제목',0,37),(249,'2022-08-18 16:25:50','정보 소개.',5,'2022-08-18 16:25:02','제목',0,37),(250,'2022-08-18 16:27:04','정보 소개.',5,'2022-08-18 16:26:57','제목',0,37),(251,'2022-08-18 16:32:22','정보 소개.',5,'2022-08-18 16:30:08','제목',0,37),(252,'2022-08-18 17:04:23','정보 소개.',5,'2022-08-18 17:04:14','제목',0,21),(253,'2022-08-18 17:04:57','정보 소개.',5,'2022-08-18 17:04:52','제목',0,21),(254,'2022-08-18 19:43:50','정보 소개.',5,'2022-08-18 19:37:14','제목',0,21),(255,'2022-08-18 20:25:49','정보 소개.',5,'2022-08-18 19:44:01','제목',0,21),(256,'2022-08-19 01:18:23','정보 소개.',5,'2022-08-19 01:18:18','제목',0,21),(257,'2022-08-19 01:27:29','정보 소개.',5,'2022-08-19 01:27:05','제목',0,21),(258,'2022-08-19 01:37:40','가끔씩은 옷장에 있는 옷들을 다 꺼내봐야 속이 후련해',5,'2022-08-19 01:28:53','옷장 정리 겸 방송',0,44),(259,'2022-08-19 01:39:01','정보 소개.',5,'2022-08-19 01:38:35','제목',0,21),(260,NULL,'정보 소개.',5,'2022-08-19 01:41:52','제목',0,10);
/*!40000 ALTER TABLE `consulting` ENABLE KEYS */;
UNLOCK TABLES;

--
-- Table structure for table `consulting_category`
--

DROP TABLE IF EXISTS `consulting_category`;
/*!40101 SET @saved_cs_client     = @@character_set_client */;
/*!50503 SET character_set_client = utf8mb4 */;
CREATE TABLE `consulting_category` (
  `category_no` int NOT NULL,
  `consulting_no` int NOT NULL,
  PRIMARY KEY (`category_no`,`consulting_no`),
  KEY `FKq33pu54diqoy4bvadcs15vby1` (`consulting_no`),
  CONSTRAINT `FKpi2omel6m9i0kgih922i8c73r` FOREIGN KEY (`category_no`) REFERENCES `fashion_category` (`no`),
  CONSTRAINT `FKq33pu54diqoy4bvadcs15vby1` FOREIGN KEY (`consulting_no`) REFERENCES `consulting` (`no`)
) ENGINE=InnoDB DEFAULT CHARSET=utf8mb4 COLLATE=utf8mb4_0900_ai_ci;
/*!40101 SET character_set_client = @saved_cs_client */;

--
-- Dumping data for table `consulting_category`
--

LOCK TABLES `consulting_category` WRITE;
/*!40000 ALTER TABLE `consulting_category` DISABLE KEYS */;
INSERT INTO `consulting_category` VALUES (1,84),(2,84),(1,97),(1,98),(2,99),(2,101),(2,104),(1,111),(2,111),(2,112),(1,113),(2,113),(6,114),(7,114),(15,114),(4,116),(6,117),(1,118),(8,118),(14,118),(3,119),(5,120),(6,120),(2,121),(5,122),(12,122),(20,122),(5,123),(6,123),(14,123),(4,126),(13,126),(20,126),(1,127),(2,128),(1,129),(11,129),(20,129),(13,144),(15,145),(19,146),(20,146),(8,147),(9,148),(15,148),(1,153),(11,153),(4,156),(5,156),(3,160),(7,160),(10,160),(1,163),(3,163),(3,166),(4,166),(5,166),(14,170),(15,170),(4,187),(1,209),(3,209),(5,209),(11,211),(12,211),(15,211),(5,214),(5,218),(7,219),(13,219),(15,219),(6,220),(2,222),(10,222),(15,222),(3,226),(4,226),(5,226),(3,229),(4,229),(5,229),(6,231),(11,231),(17,231),(3,232),(10,232),(16,232),(5,233),(1,235),(4,235),(13,235),(1,236),(2,236),(5,236),(2,237),(3,237),(9,237),(8,238),(11,238),(15,238),(4,239),(10,239),(15,239),(3,240),(3,241),(11,241),(4,258),(13,258),(14,258);
/*!40000 ALTER TABLE `consulting_category` ENABLE KEYS */;
UNLOCK TABLES;

--
-- Table structure for table `consulting_file`
--

DROP TABLE IF EXISTS `consulting_file`;
/*!40101 SET @saved_cs_client     = @@character_set_client */;
/*!50503 SET character_set_client = utf8mb4 */;
CREATE TABLE `consulting_file` (
  `no` int NOT NULL AUTO_INCREMENT,
  `consulting_no` int DEFAULT NULL,
  `file_no` int DEFAULT NULL,
  PRIMARY KEY (`no`),
  KEY `FKl87okojv5jepq5u2qj3anfkgm` (`consulting_no`),
  KEY `FK8pl2aqqqgx0ubm7gf65f9bplm` (`file_no`),
  CONSTRAINT `FK8pl2aqqqgx0ubm7gf65f9bplm` FOREIGN KEY (`file_no`) REFERENCES `upload_file` (`no`),
  CONSTRAINT `FKl87okojv5jepq5u2qj3anfkgm` FOREIGN KEY (`consulting_no`) REFERENCES `consulting` (`no`)
) ENGINE=InnoDB AUTO_INCREMENT=38 DEFAULT CHARSET=utf8mb4 COLLATE=utf8mb4_0900_ai_ci;
/*!40101 SET character_set_client = @saved_cs_client */;

--
-- Dumping data for table `consulting_file`
--

LOCK TABLES `consulting_file` WRITE;
/*!40000 ALTER TABLE `consulting_file` DISABLE KEYS */;
INSERT INTO `consulting_file` VALUES (1,97,6),(2,98,7),(3,113,10),(4,114,12),(5,114,13),(6,127,21),(7,128,22),(8,128,23),(9,205,50),(10,205,51),(12,208,56),(13,208,57),(14,209,60),(15,209,61),(16,211,62),(17,211,63),(18,217,64),(19,217,65),(20,218,66),(21,220,67),(22,220,68),(23,221,69),(24,222,70),(25,232,73),(26,232,74),(27,236,78),(28,236,79),(29,238,81),(30,238,82),(31,240,83),(32,240,84),(33,241,85),(34,241,86),(35,146,87),(36,258,89),(37,258,90);
/*!40000 ALTER TABLE `consulting_file` ENABLE KEYS */;
UNLOCK TABLES;

--
-- Table structure for table `consulting_log`
--

DROP TABLE IF EXISTS `consulting_log`;
/*!40101 SET @saved_cs_client     = @@character_set_client */;
/*!50503 SET character_set_client = utf8mb4 */;
CREATE TABLE `consulting_log` (
  `no` int NOT NULL AUTO_INCREMENT,
  `consulting_no` int DEFAULT NULL,
  `user_no` int DEFAULT NULL,
  PRIMARY KEY (`no`),
  KEY `FKeg9usi5vt6i39u12jdja7edyr` (`consulting_no`),
  KEY `FK9flh1jifp3ko9yael6i5a18ny` (`user_no`),
  CONSTRAINT `FK9flh1jifp3ko9yael6i5a18ny` FOREIGN KEY (`user_no`) REFERENCES `user` (`no`),
  CONSTRAINT `FKeg9usi5vt6i39u12jdja7edyr` FOREIGN KEY (`consulting_no`) REFERENCES `consulting` (`no`)
) ENGINE=InnoDB AUTO_INCREMENT=314 DEFAULT CHARSET=utf8mb4 COLLATE=utf8mb4_0900_ai_ci;
/*!40101 SET character_set_client = @saved_cs_client */;

--
-- Dumping data for table `consulting_log`
--

LOCK TABLES `consulting_log` WRITE;
/*!40000 ALTER TABLE `consulting_log` DISABLE KEYS */;
INSERT INTO `consulting_log` VALUES (117,83,3),(118,83,4),(119,84,3),(120,85,3),(121,86,3),(122,87,3),(123,88,3),(124,89,3),(125,90,3),(126,91,3),(127,92,3),(128,92,4),(129,93,3),(130,94,3),(131,95,6),(132,96,7),(133,97,3),(134,97,8),(135,98,9),(136,99,3),(137,100,3),(138,100,4),(139,101,3),(140,102,11),(141,103,11),(142,104,3),(143,104,4),(144,105,3),(145,105,4),(146,106,14),(147,107,14),(148,108,14),(149,109,14),(150,110,14),(151,109,3),(152,111,3),(153,112,3),(154,113,3),(155,114,11),(156,115,21),(157,116,22),(158,117,22),(159,118,11),(160,119,23),(161,120,21),(162,121,3),(163,122,21),(164,123,3),(165,124,22),(166,125,3),(167,126,13),(168,127,5),(169,128,5),(170,129,13),(171,130,13),(172,131,24),(173,132,13),(174,133,5),(175,134,5),(176,135,5),(177,136,5),(178,137,5),(179,138,5),(180,139,5),(181,140,5),(182,141,5),(183,142,5),(184,143,5),(185,149,37),(186,150,37),(187,151,37),(188,152,21),(189,154,21),(190,155,21),(191,156,29),(192,157,3),(193,158,37),(194,159,3),(195,160,32),(196,161,21),(197,162,3),(198,163,23),(199,164,3),(200,165,3),(201,166,23),(202,167,23),(203,168,37),(204,169,3),(205,171,37),(206,172,3),(207,173,21),(208,174,21),(209,175,37),(211,177,21),(212,178,37),(213,179,21),(214,180,37),(215,181,37),(216,182,37),(217,183,21),(218,184,23),(219,185,23),(220,186,37),(221,187,23),(222,188,21),(223,189,37),(224,190,37),(225,191,37),(226,192,21),(227,193,23),(228,194,21),(229,195,21),(230,196,21),(231,197,21),(232,198,13),(233,199,13),(234,200,21),(235,201,13),(236,202,21),(237,203,23),(238,204,23),(239,205,21),(240,206,23),(241,207,42),(242,208,42),(243,209,23),(244,210,41),(245,211,41),(246,212,22),(247,213,23),(248,214,21),(249,215,42),(250,216,42),(251,217,42),(252,218,21),(253,219,42),(254,220,21),(255,220,42),(256,221,42),(257,222,42),(258,223,23),(259,148,29),(260,224,23),(261,225,23),(262,226,23),(263,227,23),(264,228,21),(265,229,23),(266,230,21),(267,231,21),(268,232,21),(269,233,21),(270,153,21),(271,145,21),(272,234,21),(273,170,21),(274,235,13),(275,235,22),(276,236,44),(277,236,22),(278,236,42),(279,236,23),(280,236,37),(281,236,29),(282,235,44),(283,235,21),(284,237,21),(285,238,44),(286,238,23),(287,238,3),(288,238,29),(289,239,3),(290,240,23),(291,240,42),(292,241,23),(293,242,21),(294,243,21),(295,244,21),(296,245,21),(297,246,21),(298,247,21),(299,248,37),(300,249,37),(301,250,37),(302,251,37),(303,252,21),(304,253,21),(305,254,21),(306,255,21),(307,146,10),(308,147,10),(309,256,21),(310,257,21),(311,258,44),(312,259,21),(313,260,10);
/*!40000 ALTER TABLE `consulting_log` ENABLE KEYS */;
UNLOCK TABLES;

--
-- Table structure for table `fashion_category`
--

DROP TABLE IF EXISTS `fashion_category`;
/*!40101 SET @saved_cs_client     = @@character_set_client */;
/*!50503 SET character_set_client = utf8mb4 */;
CREATE TABLE `fashion_category` (
  `no` int NOT NULL AUTO_INCREMENT,
  `name` varchar(255) NOT NULL,
  PRIMARY KEY (`no`)
) ENGINE=InnoDB AUTO_INCREMENT=21 DEFAULT CHARSET=utf8mb4 COLLATE=utf8mb4_0900_ai_ci;
/*!40101 SET character_set_client = @saved_cs_client */;

--
-- Dumping data for table `fashion_category`
--

LOCK TABLES `fashion_category` WRITE;
/*!40000 ALTER TABLE `fashion_category` DISABLE KEYS */;
INSERT INTO `fashion_category` VALUES (1,'미니멀'),(2,'아메카지'),(3,'시티보이'),(4,'캐주얼'),(5,'비즈니스'),(6,'스트릿'),(7,'하이틴'),(8,'로맨틱'),(9,'걸리시'),(10,'스포티'),(11,'밀리터리'),(12,'히피'),(13,'모던'),(14,'시크'),(15,'데일리'),(16,'페미닌'),(17,'톤온톤'),(18,'헤어'),(19,'뷰티'),(20,'메이크업');
/*!40000 ALTER TABLE `fashion_category` ENABLE KEYS */;
UNLOCK TABLES;

--
-- Table structure for table `follow_mapping`
--

DROP TABLE IF EXISTS `follow_mapping`;
/*!40101 SET @saved_cs_client     = @@character_set_client */;
/*!50503 SET character_set_client = utf8mb4 */;
CREATE TABLE `follow_mapping` (
  `followed_user_no` int NOT NULL,
  `follow_user_no` int NOT NULL,
  PRIMARY KEY (`follow_user_no`,`followed_user_no`),
  KEY `FKfv71t4d0gbumdj8ycghni6dhy` (`followed_user_no`),
  CONSTRAINT `FKfv71t4d0gbumdj8ycghni6dhy` FOREIGN KEY (`followed_user_no`) REFERENCES `user` (`no`),
  CONSTRAINT `FKj2anmq14i21qxynoc6qv15cv7` FOREIGN KEY (`follow_user_no`) REFERENCES `user` (`no`)
) ENGINE=InnoDB DEFAULT CHARSET=utf8mb4 COLLATE=utf8mb4_0900_ai_ci;
/*!40101 SET character_set_client = @saved_cs_client */;

--
-- Dumping data for table `follow_mapping`
--

LOCK TABLES `follow_mapping` WRITE;
/*!40000 ALTER TABLE `follow_mapping` DISABLE KEYS */;
INSERT INTO `follow_mapping` VALUES (3,4),(3,23),(3,29),(3,44),(4,3),(4,23),(5,3),(5,24),(9,3),(9,4),(11,42),(13,21),(13,44),(23,42),(38,21),(41,42),(42,21),(44,3),(44,23);
/*!40000 ALTER TABLE `follow_mapping` ENABLE KEYS */;
UNLOCK TABLES;

--
-- Table structure for table `upload_file`
--

DROP TABLE IF EXISTS `upload_file`;
/*!40101 SET @saved_cs_client     = @@character_set_client */;
/*!50503 SET character_set_client = utf8mb4 */;
CREATE TABLE `upload_file` (
  `no` int NOT NULL AUTO_INCREMENT,
  `file_name` varchar(255) DEFAULT NULL,
  `upload_path` varchar(255) DEFAULT NULL,
  `uuid` varchar(255) DEFAULT NULL,
  PRIMARY KEY (`no`)
) ENGINE=InnoDB AUTO_INCREMENT=91 DEFAULT CHARSET=utf8mb4 COLLATE=utf8mb4_0900_ai_ci;
/*!40101 SET character_set_client = @saved_cs_client */;

--
-- Dumping data for table `upload_file`
--

LOCK TABLES `upload_file` WRITE;
/*!40000 ALTER TABLE `upload_file` DISABLE KEYS */;
INSERT INTO `upload_file` VALUES (5,'ERD.png','/home/ubuntu/upload/profile_images/2022/08/15','9f1852ca-3699-4a1c-8a4e-c5239e40ad73'),(6,'web_snapshot_1660652133313.jpg','/home/ubuntu/upload/snapshot/2022/08/16','7eb66538-22eb-46c1-98aa-cf31ce3ed772'),(7,'web_snapshot_1660653286564.jpg','/home/ubuntu/upload/snapshot/2022/08/16','7f5eaab8-c92c-444a-8657-ad0b052a5d26'),(10,'web_snapshot_1660713948932.jpg','/home/ubuntu/upload/snapshot/2022/08/17','f59bc058-73ca-417a-b474-1c8bcb0cb38e'),(12,'web_snapshot_1660714401420.jpg','/home/ubuntu/upload/snapshot/2022/08/17','3e1a8e7a-bed0-4720-b583-236167b70530'),(13,'web_snapshot_1660714411326.jpg','/home/ubuntu/upload/snapshot/2022/08/17','ef19efa9-46e6-4182-87f1-9a63d39704bc'),(21,'web_snapshot_1660738673570.jpg','/home/ubuntu/upload/snapshot/2022/08/17','eacc17dc-c556-454f-9c0a-3c7c0392269e'),(22,'web_snapshot_1660738890696.jpg','/home/ubuntu/upload/snapshot/2022/08/17','255bad6a-2e01-4024-bf14-ad9b13209418'),(23,'web_snapshot_1660738894532.jpg','/home/ubuntu/upload/snapshot/2022/08/17','4e84cf89-b3a3-4947-a0bb-783cfaffd387'),(27,'냥이.jpg','/home/ubuntu/upload/board/2022/08/17','2f8f449d-1d3f-465b-b845-425b406394e1'),(30,'야옹이.jpg','/home/ubuntu/upload/board/2022/08/17','c680ca8d-2248-4dc7-908a-683994051baf'),(31,'냥이.jpg','/home/ubuntu/upload/profile_images/2022/08/17','db52e3ce-f09b-470a-81c6-d163947dab7e'),(32,'송강.jpeg','/home/ubuntu/upload/profile_images/2022/08/17','d4a7afdc-a5a4-47b9-a4d5-fabc042652be'),(33,'제니.jpg','/home/ubuntu/upload/profile_images/2022/08/17','dd7470c8-17fb-4043-9070-c46c0e161027'),(34,'일론머스크.jpg','/home/ubuntu/upload/profile_images/2022/08/17','410425ae-f96a-48d8-afa4-8e4849480491'),(35,'조이.jpg','/home/ubuntu/upload/profile_images/2022/08/17','3f3e0cf3-23c9-4d78-a419-f0526fb2db32'),(37,'아이유.jpg','/home/ubuntu/upload/profile_images/2022/08/17','4d7c957d-cfed-4d56-b294-d04b56020b67'),(38,'주우재.PNG','/home/ubuntu/upload/profile_images/2022/08/17','545a779a-6dfa-44b6-bf0c-d274553dd422'),(39,'박유천.PNG','/home/ubuntu/upload/profile_images/2022/08/18','5b9eba7d-e635-4a13-be48-64ca40b75720'),(40,'김보성.PNG','/home/ubuntu/upload/profile_images/2022/08/18','49d23dc2-3729-419a-896b-6ae78a77918c'),(41,'출근룩.PNG','/home/ubuntu/upload/board/2022/08/18','8ba6633c-ad89-4028-88c1-5805e75ec5fa'),(44,'모나미룩.PNG','/home/ubuntu/upload/board/2022/08/18','12dad98f-e8d9-482f-bcca-6e6b32621e31'),(45,'싸피로고.PNG','/home/ubuntu/upload/profile_images/2022/08/18','0236ae46-f4ad-47ee-80b7-30f993e1f6e3'),(48,'여자면접복장.PNG','/home/ubuntu/upload/board/2022/08/18','6d7065ca-1b84-4d01-bca5-c05f0c08ae40'),(49,'강아지.jpg','/home/ubuntu/upload/board/2022/08/18','ba40cb4e-4b2b-41e0-a73f-6045550d1795'),(50,'web_snapshot_1660784376098.jpg','/home/ubuntu/upload/snapshot/2022/08/18','d3cf32bf-41f8-4dac-9154-f064dd93a21c'),(51,'web_snapshot_1660784384880.jpg','/home/ubuntu/upload/snapshot/2022/08/18','577b8bf0-27be-47c1-82e9-30e7d31d0039'),(54,'스포티.PNG','/home/ubuntu/upload/board/2022/08/18','65bb108d-d06a-4ddc-a0d5-4d98274bbfe6'),(55,'web_snapshot_1660786767133.jpg','/home/ubuntu/upload/snapshot/2022/08/18','834faaef-8233-48d6-aa73-2c69f3bf03ae'),(56,'web_snapshot_1660786870586.jpg','/home/ubuntu/upload/snapshot/2022/08/18','3e5e4aa7-f3e3-40eb-958a-b199da38edcf'),(57,'web_snapshot_1660786874743.jpg','/home/ubuntu/upload/snapshot/2022/08/18','2261073d-54b1-4150-8072-a658adae6239'),(59,'힙합은안멋져.PNG','/home/ubuntu/upload/board/2022/08/18','3a1e6785-91d3-4a56-b5fc-082107b41061'),(60,'web_snapshot_1660790250810.jpg','/home/ubuntu/upload/snapshot/2022/08/18','c7df26cf-c747-459f-aca2-742999d32586'),(61,'web_snapshot_1660790253148.jpg','/home/ubuntu/upload/snapshot/2022/08/18','0a5ef68f-c77b-4762-b597-4e420b9e6652'),(62,'web_snapshot_1660790377870.jpg','/home/ubuntu/upload/snapshot/2022/08/18','2f3ac263-cdbc-463e-8fe5-72e10ed3e747'),(63,'web_snapshot_1660790379900.jpg','/home/ubuntu/upload/snapshot/2022/08/18','c44fb440-4ffd-440f-81ae-d700c3644a21'),(64,'web_snapshot_1660791489626.jpg','/home/ubuntu/upload/snapshot/2022/08/18','a437a115-db1c-4dec-8647-eb3a02cf9746'),(65,'web_snapshot_1660791500140.jpg','/home/ubuntu/upload/snapshot/2022/08/18','232fa121-c799-413d-8455-11d9bd7fdd42'),(66,'web_snapshot_1660791563882.jpg','/home/ubuntu/upload/snapshot/2022/08/18','7a38d022-ae4b-4e13-88fd-15bffa613f8d'),(67,'web_snapshot_1660792789805.jpg','/home/ubuntu/upload/snapshot/2022/08/18','dc77fa11-40e4-4ab7-a7aa-66ab4a0fc540'),(68,'web_snapshot_1660792801460.jpg','/home/ubuntu/upload/snapshot/2022/08/18','bae25f24-99a6-4030-8a93-5d533a78980f'),(69,'web_snapshot_1660792991324.jpg','/home/ubuntu/upload/snapshot/2022/08/18','fd761de5-4eab-421a-9c2a-4c26a5ad94fb'),(70,'web_snapshot_1660793090501.jpg','/home/ubuntu/upload/snapshot/2022/08/18','63384991-1820-40d1-b387-ef078c627776'),(71,'고양이 돌돌이.gif','/home/ubuntu/upload/board/2022/08/18','bb74c358-e6e2-4672-9d15-c32bb78e82ad'),(73,'web_snapshot_1660823842955.jpg','/home/ubuntu/upload/snapshot/2022/08/18','e6341449-abbd-4eae-b9ef-1a6273429f6b'),(74,'web_snapshot_1660823851336.jpg','/home/ubuntu/upload/snapshot/2022/08/18','ba7aa49b-95d5-4ff9-a463-acdcffb385ca'),(76,'ps1.png','/home/ubuntu/upload/profile_images/2022/08/18','62913310-60fb-49e8-8977-78feacb42d88'),(77,'ps4.png','/home/ubuntu/upload/profile_images/2022/08/18','5d3774b2-134e-4b43-af62-372815718822'),(78,'web_snapshot_1660831399858.jpg','/home/ubuntu/upload/snapshot/2022/08/18','25a727a3-89e4-4873-a21a-814cfa2fa0c9'),(79,'web_snapshot_1660831415397.jpg','/home/ubuntu/upload/snapshot/2022/08/18','d36e7132-a3ad-4017-939c-b0ae15b1147b'),(80,'ps3.png','/home/ubuntu/upload/profile_images/2022/08/18','d7918ae7-4dac-493e-a571-3e1d7738bfaa'),(81,'web_snapshot_1660832223075.jpg','/home/ubuntu/upload/snapshot/2022/08/18','2fce2c9c-a2ba-4853-a267-aa10d658b46c'),(82,'web_snapshot_1660832322135.jpg','/home/ubuntu/upload/snapshot/2022/08/18','d493ffc3-bc2c-4d72-b9ca-c327b63c7e7f'),(83,'web_snapshot_1660833352329.jpg','/home/ubuntu/upload/snapshot/2022/08/18','61fd8552-0bd4-45ac-8219-3d14f40eeca5'),(84,'web_snapshot_1660833385331.jpg','/home/ubuntu/upload/snapshot/2022/08/18','17b6b671-ba84-4bd8-a55b-c63554d463a9'),(85,'web_snapshot_1660834488672.jpg','/home/ubuntu/upload/snapshot/2022/08/18','b9416404-fc4e-402f-b4ff-4d999b311319'),(86,'web_snapshot_1660834498188.jpg','/home/ubuntu/upload/snapshot/2022/08/18','95992b08-d139-44d2-abbd-995972b011d4'),(87,'web_snapshot_1660871519378.jpg','/home/ubuntu/upload/snapshot/2022/08/19','dc86033c-3759-477d-87cd-d1b7bdae772b'),(88,'laptop-ge29f8fad2_1920.jpg','/home/ubuntu/upload/profile_images/2022/08/19','a2317b8f-bb4b-4771-881b-2ce54015027a'),(89,'web_snapshot_1660872561035.jpg','/home/ubuntu/upload/snapshot/2022/08/19','b0c30467-e9e8-40d3-85d5-1680a2f94f7c'),(90,'web_snapshot_1660872577717.jpg','/home/ubuntu/upload/snapshot/2022/08/19','dda8729c-4be3-4dea-8abf-91d7e589c296');
/*!40000 ALTER TABLE `upload_file` ENABLE KEYS */;
UNLOCK TABLES;

--
-- Table structure for table `user`
--

DROP TABLE IF EXISTS `user`;
/*!40101 SET @saved_cs_client     = @@character_set_client */;
/*!50503 SET character_set_client = utf8mb4 */;
CREATE TABLE `user` (
  `no` int NOT NULL AUTO_INCREMENT,
  `birthday` date DEFAULT NULL,
  `email` varchar(255) NOT NULL,
  `facebook_link` varchar(255) DEFAULT NULL,
  `gender` varchar(10) DEFAULT NULL,
  `info` longtext,
  `insta_link` varchar(255) DEFAULT NULL,
  `introduce` varchar(200) DEFAULT NULL,
  `login_type` varchar(255) DEFAULT NULL,
  `name` varchar(255) NOT NULL,
  `nickname` varchar(255) NOT NULL,
  `password` varchar(255) DEFAULT NULL,
  `youtube_link` varchar(255) DEFAULT NULL,
  `file_no` int DEFAULT NULL,
  PRIMARY KEY (`no`),
  UNIQUE KEY `UK_ob8kqyqqgmefl0aco34akdtpe` (`email`),
  UNIQUE KEY `UK_n4swgcf30j6bmtb4l4cjryuym` (`nickname`),
  KEY `FKrie2x2bcb5or4b3bfwem26p5s` (`file_no`),
  CONSTRAINT `FKrie2x2bcb5or4b3bfwem26p5s` FOREIGN KEY (`file_no`) REFERENCES `upload_file` (`no`)
) ENGINE=InnoDB AUTO_INCREMENT=45 DEFAULT CHARSET=utf8mb4 COLLATE=utf8mb4_0900_ai_ci;
/*!40101 SET character_set_client = @saved_cs_client */;

--
-- Dumping data for table `user`
--

LOCK TABLES `user` WRITE;
/*!40000 ALTER TABLE `user` DISABLE KEYS */;
INSERT INTO `user` VALUES (3,'1963-02-06','a@a.com','','Male','jun입니다 반갑습니다.','','안녕하세요!\r\n잘부탁드려요','SITE','이준성','JUNSEONG','{bcrypt}$2a$10$Cpf8jIU.uUOiPg8YyfIWqOSgmX89opVBmssninFBsbzzxRlVyD88K','',80),(4,'1962-06-07','b@b.com','','Male','jun2입니다 반갑습니다.','','안녕하세요!','SITE','준성','jun2','{bcrypt}$2a$10$I6kBj5B8vnjk96ydOlCnrOAOqnlRxZzJ4ZV7eOeXTWIT8qGcpsB5m','',5),(5,'1998-05-21','q@naver.com','','Female','파파파입니다 반갑습니다.','','안녕하세요!','SITE','김이름','파파파','{bcrypt}$2a$10$9HQkPV/Mx8MpkxXfi3JD8eSPzmok2KgKrgehMv8TMqDjH9xZE7bh6','',NULL),(6,'1970-08-12','pinako@naver.com','','Male','피나코입니다 반갑습니다.','','안녕하세요!','SITE','안영진','피나코','{bcrypt}$2a$10$8kWihHquFwboxTqiSY.F..oZvauOhlWyV4.VcBotO2BknewWWgKgS','',NULL),(7,'1922-03-01','eee@naver.com','','Male','투푸리입니다 반갑습니다.','','안녕하세요!','SITE','하이용','투푸리','{bcrypt}$2a$10$yoFmPrxM/UpUoqkEij3mPOXfo5s5O2F2Of7D.n//eSDTohf09h0iS','',NULL),(8,'1962-05-09','c@c.com','','Male','jun3입니다 반갑습니다.','','안녕하세요!','SITE','이준성','jun3','{bcrypt}$2a$10$0dcreMNIZ3kIivzkhyfyDefLj9BE7zpmEquh02to5o4P4v/SxdPHO','',NULL),(9,'1962-05-09','qwe@qwe.com','','Male','tester입니다 반갑습니다.','','안녕하세요!','SITE','테스터','tester','{bcrypt}$2a$10$6LIjFWPtkDzdCvXcLSRt8uvAsiBXXkwkd7LJwj5pSJkvrSWljEDBW','',NULL),(10,'2000-01-01','consultant@consultant.com','','Male','컨설턴트입니다 반가워요','','패션도 상담해드립니다.','SITE','최인국','crazygun22','{bcrypt}$2a$10$CGXaAOOek/T5vJVt/1kckOrD3Ew44APIOygwOffektTjO1PyhICmW','',88),(11,'2000-01-01','coach@coach.com','','Female','안녕하세요 실습 코치입니다.','','잘 하고 있나요?','SITE','실습코치','Coach','{bcrypt}$2a$10$y.RKg7g4JaXd5sRM8zWxm.gYM9UT1Z5H/tQ9fthKzojYeSJrhesxi','',NULL),(13,'1996-01-01','kimsm4907@gmail.com',NULL,NULL,NULL,NULL,NULL,'GOOGLE','김수만','smkim',NULL,NULL,NULL),(14,'1962-05-24','ksgg1@naver.com','','Male','ed입니다 반갑습니다.','','안녕하세요!','SITE','강승길','ed','{bcrypt}$2a$10$uosd77Q2pWZOgWhSrNZoReOBFQ0jMHsExETPuU62FUmhJPjWSKjY.','',NULL),(15,'1997-05-05','lakelop792@wnpop.com','','Male','user123입니다 반갑습니다.','','안녕하세요!','SITE','우와신기해요','user123','{bcrypt}$2a$10$SScdKeCPXLgO1QUmCf0Lyuj7eEL4QMcGvriyVu3VOA1oCmNwmsTuq','',NULL),(21,'1996-07-27','js727r@gmail.com',NULL,NULL,NULL,NULL,NULL,'GOOGLE','nullJun','Jun',NULL,NULL,76),(22,NULL,'woojaang@gmail.com',NULL,NULL,NULL,NULL,NULL,'GOOGLE','이용우','이용우',NULL,NULL,NULL),(23,'1992-04-09','kyong494949@gmail.com',NULL,NULL,NULL,NULL,NULL,'GOOGLE','류경하','류경하이하이',NULL,NULL,31),(24,'1998-11-07','ha11@naver.com','','Female','윤하입니다 반갑습니다.','','안녕하세요!','SITE','박윤하','윤','{bcrypt}$2a$10$nG1gMSJx3eBks.T4jOBy0.kN4FMkLq45tQNaZCsQjmXfBtb//TKNC','',NULL),(29,'1998-11-07','ha110011@naver.com',NULL,'Female',NULL,NULL,NULL,'NAVER','박윤하','Yunha',NULL,NULL,NULL),(30,'1996-05-08','Jenny@ssafy.com','','Female','Jenny입니다 반갑습니다.','','안녕하세요!','SITE','제니','Jenny','{bcrypt}$2a$10$YX.5H5agbRms3QOWW6Th/OVrJToRVB/WfweERsTtQkdys.R5zK0F.','',33),(31,'1995-06-16','songkang@ssafy.com','','Male','songkang입니다 반갑습니다.','','안녕하세요!','SITE','송강','songkang','{bcrypt}$2a$10$ZekKtDzrmTJLrS8KyYs1suvWgNSlo6aUBtHwtxbaQBURiE.rtDp2u','',32),(32,'1961-05-11','musk@ssafy.com','','Male','musk입니다 반갑습니다!','','안녕하세요! 나일론 머스크입니다~','SITE','머스크','musk','{bcrypt}$2a$10$0/89S.u9wx4SQzvaL.T82OxshNuaEl1zv8KCqr5dqL9m/m0RipVUe','',34),(33,'1996-05-17','joy@ssafy.com','','Female','Joy입니다 반갑습니다.','','안녕하세요!','SITE','조이','Joy','{bcrypt}$2a$10$0ZtY5vVNxHeC7I44J5KcpO7cX/lTPfWOuQF.1BOcwOxrCQhhCxZMi','',35),(34,'1988-09-13','micky@ssafy.com','','Male','micky입니다 반갑습니다.','','안녕하세요!','SITE','박유천','micky','{bcrypt}$2a$10$VSJ26TIXM./ebf1p6Ny9puV3CqjEW1DxA4AakeiJWVFaCH.w9AmIi','',39),(35,'1994-08-26','iu@ssafy.com','','Female','이지금입니다 반갑습니다.','','안녕하세요!','SITE','이지은','이지금','{bcrypt}$2a$10$nMmxXZiWaNjnF66BVWIBoOx0mk1d.DBF9nxWk3PoE9w.5uFpJ1Q9q','',37),(36,'1995-02-16','woojae@ssafy.com','','Male','KingWooJae입니다 반갑습니다.','','안녕하세요!','SITE','주우재','KingWooJae','{bcrypt}$2a$10$/By1X9BOt5dyixZsZEfHr.6PAuitF3X3zFEWoE4zMNwytvetRN.da','',38),(37,'1963-02-13','qq@naver.com','','Female','로제입니다 반갑습니다.','','안녕하세요!','SITE','박채영','로제','{bcrypt}$2a$10$qT.ayYOJp87X/Z8l/Jj3rugxLhCtKTdQDVS7dnAfYoAHryyQmp0GS','',NULL),(38,'1967-07-19','boseong@ssafy.com','','Male','의리남입니다 반갑습니다.','','안녕하세요!','SITE','김보성','의리남','{bcrypt}$2a$10$dLB1Q5BXfSdgrQ6xGdpuZ.iUnYNo3GN4zDpMtGbEGghefD8IvW0yS','',40),(39,'1997-11-12','ssafy1@ssafy.com','','Male','김싸피입니다 반갑습니다.','','안녕하세요!','SITE','김싸피','김싸피','{bcrypt}$2a$10$zBUqedMksS3/2kcmYFTmu.FnB6qqg8Qj4aqVvqUK04OZoy.ioN3PK','',NULL),(40,'1998-04-16','ssafy2@ssafy.com','','Female','이싸피입니다 반갑습니다.','','안녕하세요!','SITE','이싸피','이싸피','{bcrypt}$2a$10$rXmXpIzSaebWfHLHm0KoSeOzSK6Gw0MwgwRx93996Fphjq.HLGoEq','',45),(41,'1997-09-26','ssafy3@ssafy.com','','Male','박싸피입니다 반갑습니다.','','안녕하세요!','SITE','박싸피','박싸피','{bcrypt}$2a$10$N0KgkQpVFaOIdbYI9xlUduGuM6A6gYgn6WH2O9zZLFDqDa90ntG2W','',NULL),(42,'1995-05-15','ssafy4@ssafy.com','','Female','최싸피입니다 반갑습니다.','','안녕하세요!','SITE','최싸피','최싸피','{bcrypt}$2a$10$Gv/CDOU20l2T5yz.6Fl8cOJTxfsLk7RzDNTOYkQ1AZpClXdJpAcli','',NULL),(43,'1999-05-05','a@naver.com','','Male','에이입니다 반갑습니다.','','안녕하세요!','SITE','에이','에이','{bcrypt}$2a$10$imn7vyYTVm7FInICdHCJde72GoSqGjBLwSYbj03KdoqZk0AwxUsuG','',NULL),(44,'1996-07-27','faffy@faffy.com','https://www.facebook.com/j','Male','인간 Junkins 인사드립니다.','https://www.instagram.com/j','A802 팀장이에요~!\r\n다들 프로젝트 고생하셨어요 ㅎㅎ','SITE','이준성','준킨스','{bcrypt}$2a$10$kTodeyMAJeCNWbDbAGxFBuQsv4R2ZlKteFUrVZugDXV9C15i63jU6','https://www.youtube.com/c/j',77);
/*!40000 ALTER TABLE `user` ENABLE KEYS */;
UNLOCK TABLES;

--
-- Table structure for table `user_category`
--

DROP TABLE IF EXISTS `user_category`;
/*!40101 SET @saved_cs_client     = @@character_set_client */;
/*!50503 SET character_set_client = utf8mb4 */;
CREATE TABLE `user_category` (
  `category_no` int NOT NULL,
  `user_no` int NOT NULL,
  PRIMARY KEY (`category_no`,`user_no`),
  KEY `FK8mb5rm3mdq3p9lnx8xt786jns` (`user_no`),
  CONSTRAINT `FK8mb5rm3mdq3p9lnx8xt786jns` FOREIGN KEY (`user_no`) REFERENCES `user` (`no`),
  CONSTRAINT `FKaohh0m77o854904g3vd7skbvm` FOREIGN KEY (`category_no`) REFERENCES `fashion_category` (`no`)
) ENGINE=InnoDB DEFAULT CHARSET=utf8mb4 COLLATE=utf8mb4_0900_ai_ci;
/*!40101 SET character_set_client = @saved_cs_client */;

--
-- Dumping data for table `user_category`
--

LOCK TABLES `user_category` WRITE;
/*!40000 ALTER TABLE `user_category` DISABLE KEYS */;
INSERT INTO `user_category` VALUES (6,3),(11,3),(12,3),(1,4),(2,4),(1,10),(2,10),(1,11),(4,13),(5,13),(17,13),(4,21),(10,21),(15,21),(3,23),(10,29),(13,29),(14,29),(18,30),(19,30),(20,30),(14,31),(5,32),(15,32),(9,33),(8,34),(13,34),(16,35),(19,35),(6,36),(14,36),(5,38),(15,38),(1,44),(13,44),(14,44);
/*!40000 ALTER TABLE `user_category` ENABLE KEYS */;
UNLOCK TABLES;

--
-- Table structure for table `user_roles`
--

DROP TABLE IF EXISTS `user_roles`;
/*!40101 SET @saved_cs_client     = @@character_set_client */;
/*!50503 SET character_set_client = utf8mb4 */;
CREATE TABLE `user_roles` (
  `user_no` int NOT NULL,
  `roles` varchar(255) DEFAULT NULL,
  KEY `FK8npnnde0tqidwuty2wg8dqmw2` (`user_no`),
  CONSTRAINT `FK8npnnde0tqidwuty2wg8dqmw2` FOREIGN KEY (`user_no`) REFERENCES `user` (`no`)
) ENGINE=InnoDB DEFAULT CHARSET=utf8mb4 COLLATE=utf8mb4_0900_ai_ci;
/*!40101 SET character_set_client = @saved_cs_client */;

--
-- Dumping data for table `user_roles`
--

LOCK TABLES `user_roles` WRITE;
/*!40000 ALTER TABLE `user_roles` DISABLE KEYS */;
INSERT INTO `user_roles` VALUES (3,'ROLE_USER'),(4,'ROLE_USER'),(5,'ROLE_USER'),(6,'ROLE_USER'),(7,'ROLE_USER'),(8,'ROLE_USER'),(9,'ROLE_USER'),(10,'ROLE_USER'),(11,'ROLE_USER'),(13,'ROLE_USER'),(14,'ROLE_USER'),(15,'ROLE_USER'),(21,'ROLE_USER'),(22,'ROLE_USER'),(23,'ROLE_USER'),(24,'ROLE_USER'),(29,'ROLE_USER'),(30,'ROLE_USER'),(31,'ROLE_USER'),(32,'ROLE_USER'),(33,'ROLE_USER'),(34,'ROLE_USER'),(35,'ROLE_USER'),(36,'ROLE_USER'),(37,'ROLE_USER'),(38,'ROLE_USER'),(39,'ROLE_USER'),(40,'ROLE_USER'),(41,'ROLE_USER'),(42,'ROLE_USER'),(43,'ROLE_USER'),(44,'ROLE_USER');
/*!40000 ALTER TABLE `user_roles` ENABLE KEYS */;
UNLOCK TABLES;
/*!40103 SET TIME_ZONE=@OLD_TIME_ZONE */;

/*!40101 SET SQL_MODE=@OLD_SQL_MODE */;
/*!40014 SET FOREIGN_KEY_CHECKS=@OLD_FOREIGN_KEY_CHECKS */;
/*!40014 SET UNIQUE_CHECKS=@OLD_UNIQUE_CHECKS */;
/*!40101 SET CHARACTER_SET_CLIENT=@OLD_CHARACTER_SET_CLIENT */;
/*!40101 SET CHARACTER_SET_RESULTS=@OLD_CHARACTER_SET_RESULTS */;
/*!40101 SET COLLATION_CONNECTION=@OLD_COLLATION_CONNECTION */;
/*!40111 SET SQL_NOTES=@OLD_SQL_NOTES */;

-- Dump completed on 2022-08-19 10:58:13
